﻿<root display="form">
  <settings>
    <pdf id="FID-1603285935522" src="file:///D:/Projects/Dev/Test.html" />
  </settings>
  <components>
    <item label="Framework">
      <components>
        <item label="General" key="general">
          <components>
            <item input="false" key="columns" tableView="false" label="Columns" type="columns">
              <columns>
                <item width="6" offset="0" push="0" pull="0" size="md">
                  <components>
                    <item label="Name" description="abcd" tooltip="efgh" prefix="aa" suffix="bb" hidden="true" hideLabel="true" showWordCount="true" showCharCount="true" mask="true" tableView="true" key="name" type="textfield" input="true" hideOnChildrenHidden="false">
                      <validate required="true" minLength="3" maxLength="500" />
                    </item>
                  </components>
                </item>
                <item width="6" offset="0" push="0" pull="0" size="md">
                  <components>
                    <item label="Description" tableView="true" key="description" type="textfield" input="true" hideOnChildrenHidden="false">
                      <validate required="true" />
                    </item>
                  </components>
                </item>
              </columns>
            </item>
          </components>
        </item>
      </components>
    </item>
  </components>
</root>