{
    "display": "form",
    "settings": {
        "pdf": {
            "id": "FID-1603285935522",
            "src": "file:///D:/Projects/Dev/Test.html"
        }
    },
    "components": [
        {
            "label": "Framework",
            "components": [
                {
                    "label": "General",
                    "key": "general",
                    "components": [
                        {
                            "input": false,
                            "key": "columns",
                            "tableView": false,
                            "label": "Columns",
                            "type": "columns",
                            "columns": [
                                {
                                    "components": [
                                        {
                                            "label": "Name",
                                            "description": "abcd",
                                            "tooltip": "efgh",
                                            "prefix": "aa",
                                            "suffix": "bb",
                                            "hidden": true,
                                            "hideLabel": true,
                                            "showWordCount": true,
                                            "showCharCount": true,
                                            "mask": true,
                                            "tableView": true,
                                            "validate": {
                                                "required": true,
                                                "minLength": 3,
                                                "maxLength": 500
                                            },
                                            "key": "name",
                                            "type": "textfield",
                                            "input": true,
                                            "hideOnChildrenHidden": false
                                        }
                                    ],
                                    "width": 6,
                                    "offset": 0,
                                    "push": 0,
                                    "pull": 0,
                                    "size": "md"
                                },
                                {
                                    "components": [
                                        {
                                            "label": "Description",
                                            "tableView": true,
                                            "validate": {
                                                "required": true
                                            },
                                            "key": "description",
                                            "type": "textfield",
                                            "input": true,
                                            "hideOnChildrenHidden": false
                                        }
                                    ],
                                    "width": 6,
                                    "offset": 0,
                                    "push": 0,
                                    "pull": 0,
                                    "size": "md"
                                }
                            ]
                        }
                    ]
                },
                {
                    "label": "Details",
                    "key": "details",
                    "components": [
                        {
                            "label": "Is Applicable",
                            "tableView": false,
                            "validate": {
                                "required": true
                            },
                            "key": "isApplicable",
                            "type": "checkbox",
                            "input": true,
                            "defaultValue": false
                        },
                        {
                            "label": "Type of Issues",
                            "optionsLabelPosition": "right",
                            "tableView": false,
                            "values": [
                                {
                                    "label": "Problem",
                                    "value": "problem",
                                    "shortcut": ""
                                },
                                {
                                    "label": "Service Request",
                                    "value": "serviceRequest",
                                    "shortcut": ""
                                },
                                {
                                    "label": "Incident",
                                    "value": "incident",
                                    "shortcut": ""
                                }
                            ],
                            "key": "typeOfIssues",
                            "type": "selectboxes",
                            "input": true,
                            "inputType": "checkbox",
                            "defaultValue": {
                                "": false
                            }
                        },
                        {
                            "label": "Risk Category",
                            "widget": "choicesjs",
                            "tableView": true,
                            "data": {
                                "values": [
                                    {
                                        "label": "Business",
                                        "value": "business"
                                    },
                                    {
                                        "label": "People",
                                        "value": "people"
                                    },
                                    {
                                        "label": "Strategy",
                                        "value": "strategy"
                                    }
                                ]
                            },
                            "selectThreshold": 0.3,
                            "key": "riskCategory",
                            "type": "select",
                            "indexeddb": {
                                "filter": {}
                            },
                            "input": true
                        },
                        {
                            "label": "Is this Applicable",
                            "optionsLabelPosition": "right",
                            "inline": false,
                            "tableView": false,
                            "values": [
                                {
                                    "label": "True",
                                    "value": "true",
                                    "shortcut": ""
                                },
                                {
                                    "label": "False",
                                    "value": "false",
                                    "shortcut": ""
                                }
                            ],
                            "validate": {
                                "required": true
                            },
                            "key": "radio1",
                            "type": "radio",
                            "input": true
                        }
                    ]
                },
                {
                    "label": "Inherent Risk Ratings",
                    "key": "inherentRiskRatings",
                    "components": [
                        {
                            "label": "Date of Identification",
                            "columns": [
                                {
                                    "components": [
                                        {
                                            "label": "DateTime",
                                            "format": "yyyy-MM-dd HH:mm",
                                            "tableView": false,
                                            "enableMinDateInput": false,
                                            "datePicker": {
                                                "disableWeekends": false,
                                                "disableWeekdays": false
                                            },
                                            "enableMaxDateInput": false,
                                            "timePicker": {
                                                "showMeridian": false
                                            },
                                            "validate": {
                                                "required": true
                                            },
                                            "key": "dateTime1",
                                            "type": "datetime",
                                            "input": true,
                                            "widget": {
                                                "type": "calendar",
                                                "displayInTimezone": "viewer",
                                                "language": "en",
                                                "useLocaleSettings": false,
                                                "allowInput": true,
                                                "mode": "single",
                                                "enableTime": true,
                                                "noCalendar": false,
                                                "format": "yyyy-MM-dd HH:mm",
                                                "hourIncrement": 1,
                                                "minuteIncrement": 1,
                                                "time_24hr": true,
                                                "minDate": null,
                                                "disableWeekends": false,
                                                "disableWeekdays": false,
                                                "maxDate": null
                                            },
                                            "hideOnChildrenHidden": false
                                        },
                                        {
                                            "label": "Currency",
                                            "mask": false,
                                            "spellcheck": true,
                                            "tableView": false,
                                            "currency": "USD",
                                            "inputFormat": "plain",
                                            "key": "currency",
                                            "type": "currency",
                                            "input": true,
                                            "delimiter": true,
                                            "hideOnChildrenHidden": false
                                        }
                                    ],
                                    "width": 6,
                                    "offset": 0,
                                    "push": 0,
                                    "pull": 0,
                                    "size": "md"
                                },
                                {
                                    "components": [
                                        {
                                            "label": "Day",
                                            "hideInputLabels": false,
                                            "inputsLabelPosition": "top",
                                            "useLocaleSettings": false,
                                            "tableView": false,
                                            "fields": {
                                                "day": {
                                                    "hide": false
                                                },
                                                "month": {
                                                    "hide": false
                                                },
                                                "year": {
                                                    "hide": false,
                                                    "maxYear": 9999
                                                }
                                            },
                                            "key": "day",
                                            "type": "day",
                                            "input": true,
                                            "maxYear": 9999,
                                            "defaultValue": "00/00/0000",
                                            "hideOnChildrenHidden": false
                                        }
                                    ],
                                    "width": 6,
                                    "offset": 0,
                                    "push": 0,
                                    "pull": 0,
                                    "size": "md"
                                }
                            ],
                            "tableView": false,
                            "key": "dateOfIdentification",
                            "type": "columns",
                            "input": false
                        }
                    ]
                },
                {
                    "label": "Residual Risk Ratings",
                    "key": "residualRiskRatings",
                    "components": []
                },
                {
                    "label": "Review and Comments",
                    "key": "reviewAndComments",
                    "components": []
                }
            ],
            "tableView": false,
            "key": "framework",
            "type": "tabs",
            "input": false
        },
        {
            "type": "button",
            "label": "Submit",
            "key": "submit",
            "disableOnInvalid": true,
            "input": true,
            "tableView": false
        }
    ]
}